"chunk_id","example","role","display_scope","source_files","manuscript_terms","source_terms","artifact_targets","notes"
"chunk_001","global","package setup","exact","code.R","library(""exdqlm"")","exdqlm JSS replication script;library(""exdqlm"")","none","Loads the package used throughout the article; code.R is the full JSS replication entry point."
"chunk_002","ex1_lake_huron","model construction","exact","code.R","polytrendMod;C0 = 10 * diag(2)","polytrendMod;C0 = 10 * diag(2)","none","Shows the polynomial trend model used in Example 1."
"chunk_003","ex1_lake_huron","main quantile model fitting","excerpt","code.R","exdqlmMCMC;PriorGamma;n.burn = 2000;n.mcmc = 3000","exdqlmMCMC;PriorGamma;M95;M5","fig:ex1quants","Shows the main Lake Huron tail fits and the fixed-gamma median fit used for the quantile and forecast displays."
"chunk_004","ex1_lake_huron","fitted object print","exact","code.R","M95","print_jss_heading(""M95"")","none","Shows fitted-object printing for one dynamic MCMC fit, as requested in the prescreening comments."
"chunk_005","ex1_lake_huron","fitted object summary","exact","code.R","summary(M95)","print_jss_heading(""summary(M95)"")","none","Shows the corresponding fitted-object summary output for one dynamic MCMC fit."
"chunk_006","ex1_lake_huron","posterior diagnostics plot","excerpt","code.R","M50.trace;set.seed(20260620);n.burn = 7000;mfcol = c(2, 2);sigma trace;gamma density;coda::traceplot;coda::densplot","M50_trace;trace_seed;coda::traceplot;coda::densplot","fig:ex1mcmc","Shows the dedicated unrestricted median trace run and the trace and density diagnostics displayed in Figure 1."
"chunk_007","ex1_lake_huron","median model refit","excerpt","code.R","fix.gamma = TRUE;gam.init = 0","M50_dqlm;fix.gamma;gam.init","none","Shows the fixed-gamma median DQLM used after checking the unrestricted median fit."
"chunk_008","ex1_lake_huron","dynamic quantile plot","excerpt","code.R","plot(M95);plot(M50.dqlm;plot(M5;legend","M95_plot;M50_dqlm_plot;M5_plot","fig:ex1quants","Shows the fitted-object plot method calls for the dynamic quantiles."
"chunk_009","ex1_lake_huron","forecast matrices","exact","code.R","fFF = model$FF;fGG =  model$GG","forecast_from_fit;model$FF;model$GG","fig:ex1quants","Shows the constant future matrices used by the forecast calls."
"chunk_010","ex1_lake_huron","forecasting","excerpt","code.R","predict(M95;return.draws = TRUE;k = 8;plot(fc95","fc95;forecast_from_fit;return.draws","fig:ex1quants","Shows the three forecast objects used for the forecast panel and synthesis."
"chunk_011","ex1_lake_huron","observed-period synthesis","excerpt","code.R","quantileSynthesis;enforce_isotonic = TRUE;rearrange = TRUE;T_expected = length(LakeHuron)","quantileSynthesis;enforce_isotonic;T_expected","fig:ex1quants","Shows observed-period quantile synthesis with the monotonicity correction settings made explicit."
"chunk_012","ex1_lake_huron","forecast synthesis","excerpt","code.R","quantileSynthesis;enforce_isotonic = TRUE;rearrange = TRUE;T_expected = 8","quantileSynthesis;fc05;fc50;fc95","fig:ex1quants","Shows forecast-period synthesis from forecast objects."
"chunk_013","ex1_lake_huron","synthesis plot","excerpt","code.R","plot(syn.obs;plot(syn.fore;legend","ex1_synthesis;plot;legend","fig:ex1quants","Shows the plotting construction for the synthesis panels."
"chunk_014","ex2_sunspots","trend model construction","exact","code.R","dlm::dlmModPoly;as.exdqlm","dlmModPoly;as.exdqlm","none","Shows conversion from a dlm trend block to an exdqlm block."
"chunk_015","ex2_sunspots","seasonal model construction","exact","code.R","seasMod;p = 11","seasMod;p = 11","none","Shows the seasonal model block for the Sunspots example."
"chunk_016","ex2_sunspots","model composition","exact","code.R","model = trend.comp + seas.comp","trend_comp;seas_comp","none","Shows model-block addition."
"chunk_017","ex2_sunspots","LDVB model fitting","excerpt","code.R","set.seed(20262601);exdqlmLDVB;dqlm.ind = TRUE;n.samp = 3000;sig.init = 2","set.seed(20262601);exdqlmLDVB;dqlm.ind","fig:ex2quant;tab:ex2bench","Shows matched DQLM and exDQLM LDVB fits."
"chunk_018","ex2_sunspots","dynamic quantile plot","excerpt","code.R","plot(M1;plot(M2;legend","m_dqlm_plot;m_exdqlm_plot","fig:ex2quant","Shows the fitted-object plotting calls."
"chunk_019","ex2_sunspots","posterior distribution plot","excerpt","code.R","hist(M2$samp.gamma;median(M2$samp.gamma)","samp.gamma;median","fig:ex2quant","Shows the approximate posterior gamma display."
"chunk_020","ex2_sunspots","diagnostics plot","excerpt","code.R","diagnostics;plot(diagM1M2","diagnostics","fig:ex2checks","Shows package diagnostics for the DQLM/exDQLM comparison."
"chunk_021","ex2_sunspots","discount grid setup","exact","code.R","possible.dfs;cbind(0.9","possible_dfs;cbind(0.9","none","Shows the coarse discount-factor grid."
"chunk_022","ex2_sunspots","discount scan","excerpt","code.R","metrics;exdqlmLDVB;diagnostics;set.seed(20262700 + i)","possible_dfs;CRPSs;KLs;set.seed(20262700 + i)","none","Shows CRPS-based discount-factor selection with KL retained as a calibration check."
"chunk_023","ex2_sunspots","best discount factors","exact","code.R","possible.dfs[which.min(metrics","best_df;which.min(CRPSs)","none","Shows the selected discount-factor pair from the CRPS scan."
"chunk_024","ex2_sunspots","MCMC benchmark fitting","excerpt","code.R","M1mcmc;M2mcmc;exdqlmMCMC;n.burn = 2000","M1_mcmc;M2_mcmc;exdqlmMCMC","tab:ex2bench","Shows matched posterior-simulation fits for the benchmark table."
"chunk_025","ex3_big_tree","data preparation","excerpt","code.R","BTflow;climateIndices;1987-01-01;X.holdout","BTflow;climateIndices;scale_with_training;X_holdout","fig:ex3data","Shows the compact data alignment used for the Big Tree example; full checks are in the generated replication script."
"chunk_026","ex3_big_tree","model construction","exact","code.R","polytrendMod;seasMod;0.1469118636","polytrendMod;seasMod;harmonics","none","Shows the common trend-seasonal baseline."
"chunk_027","ex3_big_tree","lambda selection","excerpt","code.R","lambda.grid;exdqlmTransferLDVB;pplc.grid;lambda.star","lambda_grid;fit_transfer_model;lambda_star","none","Shows the training-only transfer-rate selection pattern."
"chunk_028","ex3_big_tree","model fitting","excerpt","code.R","exdqlmLDVB;regMod;exdqlmTransferLDVB;tf.df = c(0.99, 1)","fit_base_model;fit_direct_model;fit_transfer_model","fig:ex3quant;fig:ex3tftheta;tab:ex3","Shows the three final LDVB fits for the no-covariate, direct-regression, and transfer-function models."
"chunk_029","ex3_big_tree","fitted quantile plot","exact_with_package_methods","code.R","plot(M0;plot(MREG;plot(MTF;M0 no covariates","plot(M0;plot(MREG;plot(MTF;M0 no covariates","fig:ex3quant","Shows fitted-quantile plotting through the fitted-object plot method."
"chunk_030","ex3_big_tree","seasonal component plot","exact_with_package_methods","code.R","seasonal components;type = ""component"";index = 2:7","seasonal_idx;type = ""component""","fig:ex3quant","Shows seasonal component plotting through the fitted-object plot method."
"chunk_031","ex3_big_tree","covariate component plot","exact_with_package_methods","code.R","covariate contribution;MREG direct;MTF transfer","direct_reg_idx;transfer_zeta_idx","fig:ex3quant","Shows covariate contribution plotting through the fitted-object plot method."
"chunk_032","ex3_big_tree","transfer-state plot","exact_with_package_methods","code.R","type = ""state"";psi[list(NOI, t)];psi[list(AMO, t)]","transfer_zeta_idx;transfer_psi_idx","fig:ex3tftheta","Shows direct transfer-state plotting for zeta and psi using the fitted-object plot method."
"chunk_033","ex3_big_tree","transfer summary","exact","code.R","MTF$median.kt","print_jss_heading(""MTF$median.kt"")","none","Reports the transfer persistence summary."
"chunk_034","ex3_big_tree","baseline forecasting","exact_with_analysis_helpers","code.R","predict(M0;return.draws = TRUE;seed = 20265101","fc_M0;forecast_with_mats","fig:ex3forecast;tab:ex3forecastmetrics","Shows the no-covariate future matrices and standard forecast method call used in Figure 8."
"chunk_035","ex3_big_tree","direct-regression forecasting","exact_with_analysis_helpers","code.R","regMod;predict(MREG;return.draws = TRUE;seed = 20265301","fc_MREG;build_direct_forecast_mats","fig:ex3forecast;tab:ex3forecastmetrics","Shows direct-regression future matrices and standard forecast method call used in Figure 8."
"chunk_036","ex3_big_tree","transfer-function forecasting","exact_with_analysis_helpers","code.R","FTF.future;GTF.future;predict(MTF;seed = 20265201","fc_MTF;build_transfer_forecast_mats","fig:ex3forecast;tab:ex3forecastmetrics","Shows transfer-function future matrices and standard forecast method call used in Figure 8."
"chunk_037","ex3_big_tree","forecast plot","exact_with_analysis_helpers","code.R","plot(fc.M0;plot(fc.MREG;plot(fc.MTF;held-out observations","plot(fc_M0;plot(fc_MREG;plot(fc_MTF","fig:ex3forecast","Shows the Figure 8 forecast overlay."
"chunk_038","ex3_big_tree","fitted diagnostics table","excerpt","code.R","diagnostics;tab.ex3","diagnostics_summary;tab_ex3_diagnostics","tab:ex3","Shows fitted package diagnostics used in Table 8."
"chunk_039","ex3_big_tree","forecast diagnostics table","excerpt","code.R","diagnostics;tab.ex3.fc","forecast_metrics_row;tab_ex3_forecast_metrics","tab:ex3forecastmetrics","Shows held-out forecast diagnostics from the exported package method."
"chunk_040","ex4_static","simulation setup","excerpt","code.R","MASS::mvrnorm;rhs.ctrl;zeta2_fixed = 9;beta.true","MASS::mvrnorm;rhs_ctrl;zeta2_fixed;beta_true","fig:ex4static;tab:ex4static","Shows the sparse static exAL simulation setup, active RHS controls, and holdout reference quantile."
"chunk_041","ex4_static","simulation responses and fitting","excerpt","code.R","sim.y;exalStaticLDVB;exalStaticMCMC;rhs_ns;thin = 1","ex4_simulate_target_quantile_sample;exalStaticLDVB;exalStaticMCMC;rhs_ns","fig:ex4static;tab:ex4static","Shows the per-quantile response generation and matched LDVB/MCMC fits used by the static benchmark."
"chunk_042","ex4_static","static diagnostics and coefficient plot","exact_with_analysis_helpers","code.R","diagnostics;type = ""coefficients"";beta.ref;legend.labels","diag_holdout;type = ""coefficients"";legend.labels","fig:ex4static;tab:ex4static","Shows the package diagnostic method used for holdout static summaries and the coefficient-interval plotting mode used in Figure 9."
